CustomerID,ChurnStatus,Age,Gender,MaritalStatus,IncomeLevel,TotalAmount,LoginFrequency,ServiceUsage,Unresolved%,Complaint%
1,0,62,M,Single,Low,416.5,34,Mobile App,0%,0%
2,1,65,M,Married,Low,1547.42,5,Website,0%,0%
3,0,18,M,Single,Low,1702.98,3,Website,0%,0%
4,0,21,M,Widowed,Low,917.29,2,Website,50%,0%
5,0,21,M,Divorced,Medium,2001.49,41,Website,null,null
6,0,57,F,Divorced,Medium,1164.29,2,Website,0%,0%
7,0,27,F,Married,High,86.73,32,Mobile App,null,null
8,1,37,M,Single,Low,2046.88,17,Online Banking,100%,0%
9,0,39,M,Divorced,High,1317.24,24,Website,0%,0%
10,1,68,M,Married,High,1397.36,29,Online Banking,null,null
11,0,54,M,Divorced,Medium,1733.83,30,Online Banking,100%,0%
12,0,41,F,Married,Low,87.1,43,Website,50%,0%
13,0,24,F,Divorced,Low,392.02,10,Mobile App,0%,100%
14,0,42,M,Widowed,Medium,2843.59,26,Online Banking,50%,50%
15,0,42,M,Divorced,Medium,1914.02,44,Online Banking,100%,50%
16,1,30,F,Single,Medium,2019.79,41,Online Banking,0%,0%
17,0,19,M,Married,Low,1625.27,8,Online Banking,50%,0%
18,1,56,F,Married,High,951.38,37,Website,100%,0%
19,0,57,F,Divorced,High,1017.26,39,Online Banking,100%,100%
20,0,41,M,Single,Low,2775.85,16,Website,0%,0%
21,0,64,M,Divorced,High,913.02,18,Website,null,null
22,0,42,F,Divorced,Low,1582.73,42,Mobile App,0%,0%
23,0,35,F,Divorced,Low,1490.74,19,Mobile App,50%,100%
24,0,55,M,Widowed,Medium,1143.22,12,Mobile App,0%,100%
25,0,43,F,Married,Low,764.77,27,Mobile App,0%,0%
26,1,31,M,Single,Medium,571.76,45,Mobile App,0%,100%
27,0,26,M,Widowed,Medium,2210.6,22,Mobile App,100%,0%
28,0,27,F,Widowed,High,1702.26,42,Online Banking,100%,50%
29,0,38,F,Divorced,Medium,853.07,34,Website,50%,0%
30,0,69,M,Divorced,High,706.66,38,Website,50%,100%
31,0,34,M,Divorced,Low,1108.56,23,Online Banking,0%,50%
32,0,69,F,Married,High,1225.52,48,Mobile App,null,null
33,1,23,M,Divorced,High,689,24,Mobile App,0%,0%
34,0,33,M,Widowed,High,1886.4,44,Online Banking,50%,0%
35,0,65,M,Married,Low,779.84,19,Mobile App,100%,100%
36,0,18,F,Widowed,Low,1321.55,6,Online Banking,0%,0%
37,0,36,F,Married,Medium,3166.88,3,Online Banking,0%,100%
38,0,53,F,Married,Low,874.86,47,Online Banking,0%,0%
39,0,42,M,Married,Medium,1191.94,26,Online Banking,null,null
40,0,67,F,Widowed,Low,1578.35,20,Website,0%,100%
41,1,69,F,Married,High,363.22,38,Mobile App,100%,0%
42,0,47,M,Widowed,Medium,530.61,10,Mobile App,null,null
43,0,37,M,Single,Low,2213.63,25,Mobile App,50%,0%
44,0,37,F,Widowed,Low,687.82,35,Mobile App,100%,0%
45,0,32,F,Widowed,Low,300.42,49,Online Banking,100%,100%
46,1,57,F,Married,High,134.67,24,Online Banking,null,null
47,0,50,F,Married,Medium,1466.37,21,Website,null,null
48,0,19,M,Divorced,Medium,1597.29,34,Website,null,null
49,0,27,F,Single,Medium,641.48,18,Online Banking,null,null
50,0,50,F,Single,Low,1514.62,19,Online Banking,100%,50%
51,1,49,M,Divorced,Medium,549.86,3,Mobile App,null,null
52,0,28,M,Widowed,Medium,401.25,6,Mobile App,null,null
53,0,41,F,Widowed,Low,1255.34,20,Mobile App,null,null
54,0,53,F,Married,Low,461.21,22,Online Banking,0%,50%
55,0,29,F,Single,Low,1129.35,33,Website,null,null
56,0,68,F,Married,Low,1443.46,14,Mobile App,null,null
57,0,46,F,Divorced,High,597.75,44,Online Banking,100%,100%
58,0,52,M,Single,High,2215.82,9,Online Banking,100%,50%
59,0,18,M,Married,Medium,292.51,45,Online Banking,null,null
60,0,18,F,Single,High,781.09,25,Mobile App,50%,0%
61,1,54,M,Single,Low,678.97,47,Website,0%,100%
62,0,23,F,Married,High,840,16,Mobile App,0%,50%
63,0,56,M,Married,Low,2205.11,7,Mobile App,null,null
64,0,58,F,Single,High,965.21,11,Online Banking,null,null
65,0,35,F,Divorced,Low,1359.89,27,Mobile App,null,null
66,0,33,M,Widowed,Medium,1409.11,40,Online Banking,null,null
67,0,22,F,Single,Medium,701.76,17,Online Banking,0%,0%
68,1,59,F,Divorced,High,886.48,5,Website,100%,50%
69,0,60,F,Single,Low,1038.53,29,Mobile App,0%,0%
70,0,49,F,Married,Medium,2453.98,10,Mobile App,null,null
71,1,19,F,Divorced,Low,474.59,47,Online Banking,50%,0%
72,1,19,F,Divorced,High,1080.4,25,Online Banking,50%,100%
73,1,57,M,Single,Low,2254.22,24,Online Banking,0%,0%
74,0,59,M,Widowed,Low,2083.79,44,Mobile App,0%,100%
75,1,53,F,Single,High,769.97,12,Mobile App,0%,0%
76,1,56,F,Widowed,Medium,883.92,5,Website,50%,50%
77,0,29,M,Divorced,High,1797.06,29,Online Banking,null,null
78,0,64,M,Widowed,Low,816.89,35,Mobile App,100%,0%
79,1,36,M,Married,High,931.32,23,Online Banking,0%,100%
80,0,45,M,Widowed,High,110.82,32,Mobile App,null,null
81,1,18,F,Widowed,Low,2181.77,40,Website,null,null
82,0,32,F,Divorced,High,232.38,19,Mobile App,null,null
83,0,53,M,Widowed,Medium,1419.92,25,Mobile App,100%,0%
84,0,30,M,Divorced,Medium,1545.91,45,Online Banking,null,null
85,0,60,M,Married,High,1690.08,37,Mobile App,null,null
86,0,38,M,Married,Low,1674.66,1,Website,null,null
87,0,29,F,Single,High,1411.84,43,Website,100%,100%
88,0,22,M,Single,High,447.34,13,Online Banking,null,null
89,0,24,M,Single,Medium,1951.99,12,Mobile App,null,null
90,0,22,M,Married,Medium,1229.96,47,Online Banking,null,null
91,0,65,F,Widowed,Low,1804.74,43,Mobile App,null,null
92,0,21,F,Divorced,Low,2265.28,37,Mobile App,0%,0%
93,0,30,F,Married,Low,848.07,42,Mobile App,0%,100%
94,0,54,M,Widowed,High,1113.61,41,Website,null,null
95,0,58,F,Single,High,677.27,12,Online Banking,0%,100%
96,0,32,F,Divorced,High,161.84,36,Mobile App,100%,100%
97,0,33,M,Single,High,553.65,38,Website,0%,50%
98,0,38,F,Divorced,Low,893.76,9,Mobile App,0%,0%
99,0,53,M,Widowed,Low,889.75,14,Online Banking,null,null
100,1,41,F,Married,Low,1108.56,45,Online Banking,0%,50%
101,0,33,F,Single,High,492.35,35,Online Banking,50%,0%
102,0,31,M,Married,High,2029.96,32,Online Banking,50%,50%
103,0,39,M,Widowed,Low,2297.73,46,Mobile App,0%,0%
104,1,66,F,Widowed,Medium,2666.84,3,Online Banking,50%,0%
105,0,67,F,Widowed,Low,1863.6,30,Website,100%,0%
106,0,23,M,Married,High,875.08,49,Mobile App,50%,50%
107,1,59,F,Married,High,1542.76,7,Online Banking,null,null
108,1,53,M,Divorced,Low,494.31,1,Mobile App,100%,0%
109,0,18,M,Married,Medium,1274.7,20,Mobile App,100%,50%
110,1,49,M,Married,Medium,723,25,Website,0%,0%
111,1,23,F,Widowed,High,613.18,33,Website,100%,0%
112,0,48,F,Divorced,High,750.17,35,Website,0%,0%
113,0,18,F,Married,High,1834.01,44,Online Banking,100%,100%
114,0,67,F,Married,Low,2133.28,24,Website,null,null
115,0,68,F,Widowed,High,653.62,14,Mobile App,null,null
116,0,54,M,Married,High,1504.28,39,Mobile App,0%,100%
117,0,52,F,Widowed,High,448.48,44,Online Banking,null,null
118,0,66,M,Divorced,Medium,1625.39,34,Online Banking,100%,0%
119,1,47,M,Widowed,Medium,2012.33,18,Mobile App,0%,50%
120,0,21,F,Widowed,High,1168.79,2,Online Banking,50%,50%
121,0,52,M,Divorced,Medium,1073.01,38,Mobile App,50%,100%
122,1,60,F,Single,Medium,2825.52,17,Mobile App,0%,0%
123,1,31,M,Widowed,Medium,938.58,23,Mobile App,0%,0%
124,0,66,M,Married,Medium,2283.88,33,Website,0%,0%
125,0,57,M,Widowed,Low,744.89,28,Online Banking,null,null
126,0,39,F,Divorced,Medium,2323.02,15,Website,null,null
127,0,27,F,Married,Medium,1976.17,11,Website,0%,0%
128,1,18,F,Divorced,Medium,630.2,23,Website,50%,100%
129,0,28,F,Widowed,Medium,243.55,13,Website,0%,0%
130,0,68,M,Divorced,Low,552.23,47,Mobile App,100%,0%
131,0,61,F,Divorced,Low,2726.7,11,Website,0%,0%
132,0,41,F,Single,High,1879.94,36,Website,null,null
133,0,20,M,Widowed,Medium,896.27,38,Mobile App,0%,0%
134,0,52,M,Widowed,Medium,1570.08,27,Mobile App,100%,0%
135,0,53,F,Widowed,High,441.75,18,Mobile App,null,null
136,0,48,M,Widowed,Low,419.86,40,Mobile App,null,null
137,1,21,F,Married,High,431.47,38,Online Banking,null,null
138,0,36,M,Divorced,Low,2804.65,34,Online Banking,100%,0%
139,0,64,F,Widowed,High,2045.49,22,Website,50%,0%
140,0,53,M,Married,High,1024.23,18,Mobile App,0%,0%
141,0,38,F,Widowed,Medium,2483.75,41,Online Banking,0%,100%
142,0,35,M,Divorced,High,1391.99,18,Mobile App,100%,0%
143,0,68,F,Widowed,Low,343.27,13,Website,0%,0%
144,1,45,F,Married,Low,419.85,39,Online Banking,0%,0%
145,0,32,F,Married,High,1768.7,16,Online Banking,100%,50%
146,0,59,F,Divorced,Low,1373.73,8,Mobile App,null,null
147,0,19,F,Widowed,High,2260.34,34,Mobile App,50%,50%
148,0,54,F,Married,Medium,13.04,29,Website,50%,50%
149,0,28,M,Single,Medium,444.84,6,Online Banking,0%,100%
150,0,40,F,Widowed,Medium,1193.26,38,Mobile App,null,null
151,0,61,M,Single,Medium,334.2,36,Mobile App,50%,0%
152,0,58,F,Married,High,1448.8,48,Mobile App,null,null
153,0,29,M,Married,Low,1735.16,42,Online Banking,100%,100%
154,0,20,F,Divorced,High,1753.55,26,Mobile App,null,null
155,0,69,M,Divorced,Low,1883.08,18,Website,0%,100%
156,0,34,F,Widowed,High,702.92,11,Mobile App,null,null
157,0,50,M,Married,Low,2412.68,27,Mobile App,null,null
158,0,18,F,Married,Low,1471.29,30,Online Banking,null,null
159,0,56,M,Married,High,25.75,18,Website,100%,50%
160,1,37,M,Married,Medium,2053.13,43,Online Banking,50%,50%
161,0,64,M,Single,High,1983.84,4,Mobile App,100%,100%
162,0,60,F,Married,Medium,425.88,6,Mobile App,50%,50%
163,0,69,M,Divorced,High,1064.88,22,Mobile App,50%,0%
164,1,58,F,Widowed,Low,955.49,2,Website,0%,0%
165,0,31,F,Widowed,Medium,181.34,47,Mobile App,null,null
166,0,48,F,Widowed,Low,1241.5,48,Online Banking,0%,0%
167,0,42,F,Single,Low,2356.35,40,Website,0%,0%
168,1,20,M,Married,Low,1126.93,32,Website,50%,100%
169,0,21,F,Widowed,High,2164.75,39,Mobile App,100%,0%
170,1,48,M,Divorced,Low,1448.33,21,Website,100%,0%
171,0,52,F,Single,High,2532.71,8,Mobile App,0%,0%
172,0,61,M,Married,Medium,1972.76,25,Website,50%,50%
173,0,31,F,Married,Low,606.09,41,Mobile App,0%,0%
174,1,66,F,Married,Medium,1801.46,36,Mobile App,100%,100%
175,0,58,M,Married,Medium,1218.9,4,Website,50%,0%
176,1,26,F,Single,High,936.78,15,Website,null,null
177,0,37,F,Divorced,Medium,429.79,28,Website,100%,0%
178,0,49,F,Married,High,741.63,20,Website,null,null
179,0,26,F,Single,High,412.58,38,Website,null,null
180,0,44,F,Single,Medium,1985.93,6,Online Banking,null,null
181,0,20,F,Divorced,Medium,715.68,30,Mobile App,null,null
182,0,21,F,Single,Medium,1491.65,32,Online Banking,0%,0%
183,1,62,F,Single,High,1135.44,49,Online Banking,0%,0%
184,0,32,M,Widowed,High,97.19,41,Online Banking,null,null
185,0,50,F,Widowed,Medium,1284.89,4,Online Banking,0%,50%
186,0,22,M,Divorced,High,460.87,35,Mobile App,null,null
187,0,21,F,Widowed,Medium,513.26,30,Mobile App,0%,50%
188,0,63,M,Single,High,1768.25,49,Mobile App,50%,0%
189,0,29,M,Single,High,574.47,41,Mobile App,50%,0%
190,1,40,M,Divorced,Low,1417.97,22,Website,100%,0%
191,0,31,F,Single,Low,1942.65,2,Website,50%,0%
192,0,63,F,Divorced,Medium,1172.53,12,Website,50%,50%
193,0,29,M,Widowed,Low,270.34,34,Website,50%,0%
194,0,34,F,Widowed,High,1388.97,34,Website,null,null
195,0,42,F,Married,Medium,1711.71,14,Website,50%,0%
196,0,47,M,Widowed,Low,2134.16,39,Website,100%,50%
197,1,39,F,Married,Medium,925.43,39,Online Banking,50%,50%
198,0,64,M,Married,Medium,1461.25,45,Online Banking,null,null
199,0,43,M,Married,High,1270.25,6,Website,50%,50%
200,0,34,F,Single,Low,1702.06,8,Online Banking,0%,50%
201,1,37,M,Married,High,956.58,27,Online Banking,50%,0%
202,0,51,F,Widowed,Medium,336.18,12,Mobile App,0%,0%
203,0,58,F,Divorced,Medium,1767.9,21,Website,0%,100%
204,0,50,F,Widowed,Medium,454.14,38,Online Banking,50%,0%
205,0,54,F,Divorced,Low,741.97,4,Mobile App,null,null
206,0,24,M,Widowed,High,99.58,25,Mobile App,null,null
207,0,39,F,Divorced,High,1799.17,43,Website,null,null
208,0,49,F,Widowed,Low,436.89,24,Online Banking,null,null
209,0,31,F,Divorced,High,1328.06,12,Mobile App,null,null
210,0,25,M,Married,High,1727.27,29,Online Banking,null,null
211,0,42,M,Divorced,Medium,1222.21,35,Online Banking,null,null
212,0,33,F,Married,Medium,1047.61,37,Website,0%,0%
213,1,59,F,Widowed,Medium,2092.89,30,Website,0%,100%
214,0,36,F,Divorced,Low,734.1,41,Online Banking,null,null
215,0,58,F,Divorced,Medium,1343.7,42,Online Banking,100%,50%
216,0,33,F,Widowed,High,1570.86,35,Mobile App,0%,0%
217,1,29,M,Married,Low,2576.78,1,Online Banking,100%,0%
218,0,56,F,Married,High,1766.57,40,Mobile App,null,null
219,0,65,M,Single,Low,1624.32,26,Online Banking,null,null
220,0,47,M,Single,High,1030.46,35,Online Banking,null,null
221,1,19,F,Single,Low,1277.29,42,Mobile App,0%,100%
222,0,49,M,Divorced,High,1702.45,7,Website,null,null
223,0,62,F,Divorced,Medium,1736.26,4,Online Banking,0%,0%
224,0,42,M,Divorced,Low,2520.32,5,Website,null,null
225,0,42,M,Widowed,High,2650.29,39,Online Banking,50%,0%
226,0,21,F,Single,High,1461.18,11,Mobile App,100%,0%
227,1,36,M,Widowed,High,1250.35,15,Online Banking,null,null
228,0,65,F,Single,High,2185.36,32,Website,50%,0%
229,0,21,F,Single,Medium,2559.03,37,Website,100%,0%
230,1,60,F,Divorced,Medium,1468.07,9,Online Banking,50%,100%
231,1,30,F,Married,Low,1353.42,47,Online Banking,null,null
232,0,56,F,Single,Low,2082.19,32,Online Banking,100%,0%
233,0,53,F,Married,High,817.42,33,Website,0%,0%
234,1,40,M,Widowed,Low,1576.7,23,Online Banking,null,null
235,0,23,M,Divorced,High,770.5,15,Mobile App,100%,0%
236,1,41,F,Single,Low,1482.99,30,Online Banking,0%,50%
237,1,61,M,Divorced,Low,398.99,16,Online Banking,null,null
238,1,50,M,Widowed,High,762.44,22,Mobile App,100%,0%
239,1,29,F,Married,Medium,2654.84,43,Mobile App,100%,100%
240,0,58,M,Divorced,High,859.47,30,Online Banking,0%,100%
241,0,38,F,Divorced,Medium,2185.93,1,Mobile App,0%,100%
242,1,28,F,Single,Low,726.73,35,Online Banking,50%,50%
243,0,61,M,Married,Medium,2362.18,18,Website,100%,0%
244,0,55,F,Widowed,High,1649.9,15,Online Banking,100%,100%
245,0,46,F,Single,Low,2965.09,21,Online Banking,null,null
246,0,65,F,Divorced,Medium,1171.14,40,Mobile App,0%,0%
247,0,58,F,Divorced,Medium,1887.68,2,Online Banking,0%,50%
248,1,20,M,Married,High,1519.14,30,Online Banking,100%,100%
249,0,45,F,Widowed,Low,356.39,40,Website,100%,100%
250,0,37,M,Widowed,Low,1607.36,32,Website,0%,0%
251,1,43,F,Divorced,Medium,1968.79,28,Website,0%,100%
252,1,41,M,Widowed,Medium,980.71,11,Online Banking,null,null
253,0,69,M,Single,Medium,1319.11,7,Online Banking,0%,100%
254,1,64,F,Married,Low,2220.26,1,Mobile App,50%,50%
255,0,38,M,Divorced,Medium,2672.69,43,Mobile App,100%,100%
256,0,47,F,Widowed,Medium,208.67,28,Mobile App,50%,0%
257,0,21,F,Widowed,Low,92.62,39,Website,0%,0%
258,0,53,M,Single,Low,832.85,19,Mobile App,50%,50%
259,0,57,M,Widowed,High,1469.67,39,Online Banking,0%,0%
260,1,27,M,Single,Low,2395.72,32,Website,0%,0%
261,1,27,M,Married,Low,489.07,49,Online Banking,100%,100%
262,1,59,F,Divorced,High,2940.59,30,Website,100%,0%
263,0,41,M,Single,Low,13.04,2,Website,0%,50%
264,0,21,F,Widowed,High,525.02,44,Online Banking,0%,0%
265,0,64,M,Widowed,Low,1511.87,43,Online Banking,null,null
266,0,44,M,Married,High,459.39,37,Online Banking,0%,0%
267,0,68,F,Single,Medium,461.36,19,Online Banking,100%,0%
268,0,62,M,Divorced,Medium,1096.16,26,Mobile App,null,null
269,0,21,F,Widowed,Medium,2123.87,1,Mobile App,50%,0%
270,0,49,M,Single,High,734.74,42,Mobile App,100%,0%
271,1,27,M,Widowed,Medium,865.97,28,Online Banking,null,null
272,1,28,F,Divorced,Low,1170.04,26,Online Banking,100%,0%
273,0,45,F,Single,High,1562.83,40,Mobile App,null,null
274,0,63,F,Widowed,Low,1117.33,35,Online Banking,100%,0%
275,0,25,F,Divorced,Low,605.79,3,Website,50%,0%
276,1,57,F,Single,Low,2069.7,26,Online Banking,null,null
277,0,39,F,Single,High,1217.78,33,Mobile App,null,null
278,0,51,F,Married,Low,1423.1,22,Online Banking,100%,0%
279,0,62,M,Divorced,Medium,1209.94,6,Mobile App,0%,0%
280,0,52,F,Single,High,836.33,42,Online Banking,50%,50%
281,0,52,M,Married,Medium,1563.95,34,Online Banking,0%,0%
282,1,42,M,Single,High,2016.68,3,Online Banking,0%,0%
283,1,51,F,Widowed,Low,1362.86,17,Online Banking,null,null
284,0,23,M,Married,Medium,1683.13,6,Mobile App,null,null
285,0,58,M,Single,High,1026.59,42,Mobile App,null,null
286,1,54,F,Widowed,Low,512.19,5,Website,50%,0%
287,0,18,M,Widowed,Low,615.07,20,Website,50%,0%
288,0,29,F,Widowed,High,2217.85,1,Website,100%,50%
289,0,52,M,Married,High,30.48,24,Mobile App,null,null
290,0,23,M,Widowed,High,403.33,9,Mobile App,100%,0%
291,0,34,F,Divorced,High,1572.74,15,Website,100%,50%
292,0,26,M,Single,Medium,2429.7,37,Website,50%,0%
293,0,19,M,Divorced,High,209.68,18,Mobile App,null,null
294,0,35,F,Widowed,Low,1882.08,22,Online Banking,0%,0%
295,0,66,F,Widowed,Medium,960.99,11,Website,null,null
296,0,53,M,Divorced,Low,261.24,38,Mobile App,100%,0%
297,0,45,M,Married,Low,1714.09,3,Mobile App,null,null
298,0,58,F,Widowed,High,1305.25,29,Website,100%,0%
299,0,54,M,Widowed,Medium,9.8,46,Mobile App,50%,0%
300,0,66,F,Divorced,High,926.53,32,Website,0%,0%
301,0,43,F,Widowed,Low,1298.95,34,Online Banking,0%,0%
302,0,21,M,Widowed,High,925.58,8,Website,0%,0%
303,0,57,F,Married,High,948.96,34,Online Banking,0%,100%
304,0,53,F,Married,High,695.73,5,Online Banking,100%,0%
305,0,68,M,Married,High,288.26,9,Mobile App,null,null
306,0,48,F,Married,High,2285.6,17,Mobile App,null,null
307,0,47,M,Married,High,1416.68,20,Mobile App,0%,100%
308,0,67,M,Widowed,Medium,1791.69,42,Mobile App,null,null
309,0,51,M,Single,High,1400.5,27,Online Banking,0%,0%
310,0,36,F,Widowed,Medium,1058.14,5,Online Banking,null,null
311,1,35,M,Widowed,High,592.9,46,Mobile App,0%,100%
312,0,47,M,Single,Medium,283.16,29,Website,100%,0%
313,0,38,M,Divorced,Low,34.91,11,Online Banking,null,null
314,0,20,M,Single,Medium,536.29,26,Mobile App,100%,0%
315,1,23,F,Married,Medium,601.31,23,Mobile App,100%,100%
316,0,55,F,Widowed,Low,649.71,18,Mobile App,null,null
317,0,30,M,Married,High,467.83,20,Website,100%,100%
318,0,62,F,Single,High,2145.44,44,Website,null,null
319,0,20,F,Divorced,Medium,477.46,21,Online Banking,null,null
320,0,65,F,Divorced,High,823.75,26,Online Banking,50%,50%
321,0,45,M,Widowed,High,2007.24,32,Online Banking,50%,50%
322,0,39,F,Single,Low,61.98,1,Online Banking,100%,0%
323,1,57,F,Married,High,839.3,2,Website,0%,0%
324,0,57,F,Married,High,1369.7,4,Mobile App,100%,100%
325,0,29,F,Divorced,Medium,553.79,41,Online Banking,100%,100%
326,0,40,F,Widowed,High,605.89,10,Website,null,null
327,0,48,M,Single,High,403.37,28,Website,50%,50%
328,0,35,F,Married,Medium,848.26,49,Mobile App,null,null
329,0,24,F,Divorced,Medium,2361.19,37,Online Banking,100%,0%
330,0,25,M,Widowed,Medium,2582.54,17,Mobile App,null,null
331,0,36,M,Divorced,High,908.32,30,Website,50%,50%
332,0,46,M,Widowed,High,1577.44,6,Website,null,null
333,0,61,M,Single,High,2439.39,11,Website,50%,50%
334,0,37,F,Divorced,High,1719.37,11,Online Banking,0%,100%
335,1,67,F,Married,High,756.52,2,Mobile App,0%,0%
336,0,59,F,Widowed,High,135.94,20,Mobile App,null,null
337,0,47,F,Divorced,Medium,608.06,34,Website,null,null
338,0,64,F,Widowed,Medium,13.86,41,Mobile App,null,null
339,0,39,M,Divorced,High,682.94,1,Website,0%,0%
340,0,27,F,Divorced,Low,1147.08,48,Mobile App,100%,100%
341,0,43,M,Single,Medium,1022.86,27,Online Banking,0%,0%
342,1,68,M,Married,High,2295.76,26,Online Banking,0%,0%
343,0,50,M,Divorced,Medium,924.63,26,Online Banking,0%,0%
344,0,45,F,Single,Low,1466.6,8,Mobile App,50%,50%
345,0,27,F,Widowed,Medium,1980.5,29,Online Banking,0%,0%
346,0,46,M,Widowed,Medium,1641.62,17,Online Banking,100%,0%
347,0,61,M,Divorced,Medium,1974.45,33,Mobile App,50%,50%
348,0,35,M,Married,Medium,704.7,1,Online Banking,0%,100%
349,0,59,M,Widowed,High,1376.54,24,Mobile App,0%,100%
350,0,18,M,Divorced,Low,2702.27,25,Online Banking,100%,100%
351,1,40,M,Widowed,High,588.68,1,Mobile App,100%,100%
352,0,34,F,Single,Medium,1493.9,26,Website,50%,100%
353,1,60,M,Divorced,Medium,266.08,16,Online Banking,50%,0%
354,0,54,M,Divorced,Medium,324.4,49,Online Banking,100%,0%
355,0,48,M,Divorced,Low,368.57,33,Website,50%,50%
356,0,42,M,Single,Low,2316.37,28,Mobile App,null,null
357,0,21,M,Divorced,High,780.18,45,Online Banking,50%,0%
358,1,69,F,Divorced,Medium,2282.89,24,Mobile App,100%,100%
359,0,26,M,Single,Low,2154.17,36,Website,0%,100%
360,0,45,F,Widowed,Medium,1731.26,14,Online Banking,0%,50%
361,0,47,M,Single,High,2348.41,49,Mobile App,null,null
362,1,64,M,Married,High,469.14,5,Mobile App,50%,50%
363,0,41,F,Single,Low,1514.16,27,Online Banking,0%,100%
364,0,50,M,Widowed,High,286.8,14,Mobile App,0%,0%
365,1,37,F,Divorced,Low,1188.84,24,Online Banking,0%,0%
366,0,26,F,Divorced,Medium,2518.16,46,Website,null,null
367,0,25,F,Single,Low,2197.79,28,Mobile App,100%,100%
368,0,41,F,Married,High,1939.2,8,Online Banking,null,null
369,0,31,F,Single,Medium,3352.34,35,Website,100%,0%
370,0,35,F,Married,High,1239.81,47,Online Banking,50%,0%
371,0,18,M,Single,Medium,1454.45,35,Website,0%,0%
372,0,29,F,Married,Medium,35.85,23,Website,50%,50%
373,0,46,M,Married,Medium,267.09,13,Online Banking,100%,100%
374,0,54,M,Divorced,Medium,2143.59,47,Online Banking,null,null
375,0,43,F,Married,High,133.2,17,Website,100%,0%
376,0,50,F,Divorced,Low,1143.8,31,Website,0%,100%
377,0,60,F,Single,Medium,2366.3,10,Online Banking,50%,0%
378,0,32,M,Single,High,1333.6,36,Website,50%,50%
379,0,40,F,Single,High,1582.08,29,Online Banking,0%,100%
380,0,46,F,Single,High,1172.66,16,Mobile App,null,null
381,1,38,M,Single,Low,1087.62,33,Website,0%,0%
382,0,36,F,Divorced,High,2467.11,14,Mobile App,0%,0%
383,0,22,M,Single,High,800.56,7,Online Banking,50%,50%
384,0,40,F,Married,Low,339.17,33,Website,50%,50%
385,1,53,M,Widowed,High,1338.28,3,Mobile App,null,null
386,0,37,F,Divorced,High,773.11,26,Website,0%,0%
387,0,25,M,Married,Low,47.52,39,Website,100%,50%
388,1,26,F,Widowed,Low,1787.42,5,Online Banking,null,null
389,1,31,F,Widowed,Low,522.89,23,Online Banking,null,null
390,0,23,M,Divorced,Medium,281.95,33,Mobile App,null,null
391,0,18,F,Married,Low,1990.15,30,Mobile App,null,null
392,0,26,F,Widowed,Medium,1533.34,33,Mobile App,0%,0%
393,0,33,M,Widowed,Medium,1960.83,43,Website,0%,0%
394,0,33,M,Divorced,Low,2346.48,25,Online Banking,50%,50%
395,1,29,F,Single,Medium,680.27,22,Online Banking,50%,50%
396,1,22,M,Widowed,High,865.73,1,Online Banking,100%,100%
397,0,57,F,Divorced,High,2322.98,10,Online Banking,null,null
398,0,46,F,Divorced,Low,1678.12,23,Online Banking,0%,0%
399,0,63,M,Married,Medium,568.35,33,Website,0%,0%
400,0,44,M,Divorced,High,2309.85,39,Online Banking,null,null
401,0,28,F,Divorced,Medium,1273.36,28,Website,50%,50%
402,1,64,M,Single,Medium,609.58,43,Mobile App,50%,0%
403,0,67,F,Widowed,High,1645.76,8,Online Banking,0%,50%
404,1,45,M,Married,Low,2787.1,27,Mobile App,0%,100%
405,0,69,F,Divorced,Medium,508.49,5,Online Banking,null,null
406,0,53,F,Married,High,2017.78,15,Website,50%,100%
407,1,59,F,Widowed,Low,2722.74,48,Mobile App,100%,100%
408,0,36,F,Divorced,Medium,2101.4,22,Online Banking,50%,50%
409,0,52,F,Divorced,Medium,1524.84,35,Mobile App,100%,0%
410,0,69,F,Married,Medium,1426.2,30,Online Banking,100%,0%
411,1,48,F,Single,Medium,87.02,48,Website,null,null
412,0,61,M,Widowed,Low,184.86,44,Website,null,null
413,0,36,M,Widowed,Medium,1592.61,33,Website,100%,0%
414,0,63,M,Widowed,High,1497.89,30,Online Banking,0%,0%
415,0,41,F,Divorced,High,354.64,36,Online Banking,0%,0%
416,0,19,M,Divorced,High,1442.26,16,Online Banking,100%,50%
417,0,24,M,Divorced,Low,873.63,38,Website,null,null
418,0,60,M,Married,High,1282.72,23,Online Banking,50%,50%
419,1,66,M,Widowed,Medium,1254.43,37,Online Banking,null,null
420,0,48,F,Widowed,Medium,2140.54,37,Website,0%,50%
421,0,34,F,Widowed,High,594.42,28,Mobile App,100%,100%
422,1,44,M,Single,Low,1770.89,14,Mobile App,0%,0%
423,0,53,F,Divorced,Low,1329.45,4,Mobile App,null,null
424,0,67,F,Widowed,Medium,965.41,39,Website,100%,0%
425,0,60,F,Widowed,Medium,1768.53,33,Website,50%,50%
426,0,27,F,Divorced,High,1465.93,31,Website,null,null
427,0,62,F,Divorced,Low,521.56,13,Online Banking,0%,0%
428,0,31,M,Widowed,High,2414.15,36,Mobile App,50%,50%
429,0,24,F,Married,Medium,1361.39,10,Mobile App,50%,100%
430,0,56,M,Married,Medium,148.98,47,Online Banking,50%,0%
431,0,57,F,Married,High,233.87,31,Website,0%,0%
432,0,26,M,Married,Low,1834.48,26,Mobile App,null,null
433,1,31,M,Single,Medium,1302.43,14,Mobile App,null,null
434,0,25,F,Married,Medium,41.19,4,Mobile App,50%,0%
435,0,34,M,Widowed,Low,488.45,33,Online Banking,0%,100%
436,0,40,F,Widowed,Medium,543.99,47,Website,50%,0%
437,0,33,M,Widowed,Low,1698.21,13,Website,null,null
438,0,43,M,Married,Low,2131.01,48,Website,0%,100%
439,0,26,F,Divorced,Medium,1373.54,41,Online Banking,100%,50%
440,0,53,M,Widowed,High,1920.61,34,Online Banking,50%,0%
441,1,24,F,Married,Medium,2560.36,43,Mobile App,100%,100%
442,0,35,M,Single,Medium,412.55,35,Mobile App,0%,0%
443,0,25,F,Single,Medium,1115.64,28,Website,null,null
444,0,38,M,Widowed,Medium,387.51,31,Mobile App,null,null
445,0,43,M,Divorced,High,1002.46,30,Online Banking,50%,0%
446,0,20,F,Single,High,1516.93,32,Mobile App,50%,0%
447,0,34,F,Married,High,169.69,13,Website,null,null
448,0,68,M,Married,Low,1461.03,41,Mobile App,null,null
449,0,63,F,Single,High,1460.65,34,Mobile App,100%,50%
450,1,41,M,Widowed,Low,1527.63,8,Website,null,null
451,0,42,M,Widowed,Medium,364.46,42,Mobile App,50%,50%
452,0,22,M,Single,High,2341.48,25,Online Banking,100%,100%
453,0,54,F,Married,High,346.54,33,Online Banking,null,null
454,0,62,F,Divorced,High,472.88,10,Online Banking,null,null
455,0,67,F,Married,High,565.79,40,Website,0%,50%
456,0,41,M,Divorced,High,2402,34,Mobile App,100%,100%
457,0,48,M,Divorced,Medium,1730.33,44,Website,100%,50%
458,0,43,M,Single,High,2767.15,33,Website,null,null
459,0,38,F,Widowed,Low,62.87,5,Mobile App,100%,0%
460,0,51,M,Divorced,Low,336.72,45,Online Banking,100%,0%
461,0,55,F,Married,High,449.87,27,Online Banking,100%,0%
462,1,41,F,Widowed,Low,391.36,8,Online Banking,null,null
463,0,45,F,Widowed,High,1668.22,7,Online Banking,null,null
464,0,47,F,Married,Medium,2166.33,22,Website,null,null
465,0,51,F,Single,Low,1217.08,46,Website,null,null
466,1,69,M,Widowed,High,1918.16,28,Online Banking,null,null
467,0,69,M,Divorced,Low,1104.21,9,Website,0%,0%
468,0,40,M,Married,High,818.31,31,Online Banking,null,null
469,1,25,M,Divorced,Low,1626.7,4,Mobile App,100%,0%
470,1,59,F,Married,Medium,1916.68,5,Website,100%,0%
471,0,67,F,Married,Low,1109.17,13,Mobile App,50%,50%
472,0,27,F,Widowed,Low,2217.28,6,Mobile App,null,null
473,0,18,M,Married,Low,251.46,23,Online Banking,null,null
474,0,37,M,Widowed,Low,2460.07,47,Online Banking,50%,50%
475,0,54,F,Married,High,1635.13,35,Mobile App,0%,100%
476,0,35,M,Widowed,Medium,2145.93,34,Mobile App,0%,0%
477,0,38,M,Widowed,Medium,806.96,38,Online Banking,null,null
478,1,66,M,Single,Low,1615.84,34,Mobile App,null,null
479,0,21,F,Widowed,Low,1184.28,11,Website,50%,0%
480,1,60,M,Widowed,Medium,1351.01,6,Website,100%,0%
481,0,19,F,Widowed,Medium,3386.04,32,Website,0%,0%
482,1,38,M,Single,Medium,2624.42,35,Website,0%,0%
483,0,54,F,Divorced,Medium,1262.48,34,Mobile App,100%,0%
484,0,22,M,Divorced,Low,988.39,43,Mobile App,null,null
485,0,34,M,Single,Medium,2129.71,28,Mobile App,0%,0%
486,0,66,F,Widowed,Low,758.73,5,Online Banking,50%,50%
487,0,65,F,Widowed,Low,1624.23,34,Mobile App,50%,0%
488,1,28,F,Married,Medium,393.84,33,Mobile App,null,null
489,0,63,M,Divorced,High,1101.11,12,Online Banking,null,null
490,0,58,F,Widowed,Low,2063.08,40,Online Banking,50%,0%
491,1,48,M,Widowed,Medium,1483.12,44,Website,0%,0%
492,0,45,F,Divorced,Low,1491.8,38,Online Banking,null,null
493,0,61,M,Widowed,High,976,44,Online Banking,null,null
494,0,49,M,Single,Medium,269.73,12,Mobile App,0%,100%
495,0,38,M,Widowed,Low,1738.14,37,Online Banking,100%,0%
496,0,24,F,Widowed,High,216.79,1,Website,0%,0%
497,0,27,M,Divorced,High,1554.77,40,Mobile App,100%,100%
498,1,45,F,Single,Low,763.91,5,Website,null,null
499,0,65,M,Married,Medium,458.77,2,Mobile App,0%,100%
500,0,53,M,Divorced,Medium,2429.22,46,Online Banking,null,null
501,0,37,M,Married,Low,1317.18,25,Online Banking,null,null
502,0,30,M,Married,High,703.33,38,Mobile App,100%,50%
503,0,36,F,Single,High,1336.58,25,Website,null,null
504,0,67,M,Married,High,551.93,48,Mobile App,100%,0%
505,0,28,M,Single,High,2312.7,22,Mobile App,50%,100%
506,1,52,F,Widowed,Low,1009.74,1,Online Banking,100%,50%
507,1,51,M,Single,High,2325.03,25,Online Banking,50%,50%
508,0,61,F,Divorced,Low,1536.61,33,Online Banking,null,null
509,1,21,F,Married,Medium,2446.54,22,Website,100%,0%
510,1,30,M,Single,Medium,392.1,31,Mobile App,100%,100%
511,1,54,M,Divorced,High,2027.88,19,Online Banking,0%,100%
512,0,19,F,Single,High,1362.35,48,Mobile App,null,null
513,0,67,F,Married,High,172.81,18,Online Banking,null,null
514,0,18,F,Married,Medium,1606.29,1,Mobile App,null,null
515,0,57,F,Divorced,Low,1639.58,19,Online Banking,null,null
516,1,42,F,Divorced,Low,612.22,14,Mobile App,null,null
517,0,54,F,Divorced,Low,1073.98,11,Online Banking,null,null
518,1,53,F,Divorced,High,3078.6,8,Mobile App,50%,0%
519,0,23,F,Divorced,Low,1894.4,18,Mobile App,50%,100%
520,0,24,M,Married,High,1959.29,9,Mobile App,0%,50%
521,1,21,F,Widowed,Medium,645.75,43,Website,50%,50%
522,0,52,M,Divorced,Low,2557.54,28,Website,50%,0%
523,0,58,M,Widowed,High,2090.02,11,Mobile App,null,null
524,0,51,F,Divorced,Low,2565.36,49,Online Banking,100%,0%
525,0,46,F,Divorced,Medium,462.44,41,Website,100%,0%
526,0,22,M,Divorced,Low,446.32,30,Online Banking,0%,0%
527,0,44,M,Married,Low,343.51,44,Online Banking,null,null
528,0,50,F,Widowed,Medium,1353.55,27,Online Banking,0%,0%
529,0,63,F,Married,High,2333.72,26,Online Banking,100%,0%
530,1,69,F,Single,High,1311.64,49,Mobile App,null,null
531,1,27,F,Divorced,High,2008.12,12,Online Banking,100%,100%
532,0,23,M,Divorced,Low,2372.58,38,Website,50%,50%
533,0,51,M,Widowed,Low,388.31,27,Mobile App,100%,0%
534,0,25,M,Married,High,536.31,37,Mobile App,100%,50%
535,0,48,M,Married,High,2145.98,17,Mobile App,null,null
536,0,26,M,Married,Low,1639.36,46,Mobile App,100%,0%
537,1,38,M,Divorced,High,2067.57,9,Online Banking,null,null
538,0,25,M,Widowed,High,651.88,6,Online Banking,50%,0%
539,0,21,F,Single,Low,1286.35,13,Mobile App,50%,0%
540,0,39,F,Single,Medium,649.47,6,Online Banking,100%,0%
541,0,45,F,Married,Low,185.03,38,Mobile App,50%,100%
542,0,62,F,Widowed,High,344.77,4,Mobile App,null,null
543,1,21,M,Married,High,939.83,16,Online Banking,100%,100%
544,0,56,M,Married,Medium,1099.45,36,Website,100%,100%
545,1,38,F,Married,Medium,452.87,43,Website,0%,50%
546,0,25,M,Single,Low,575.05,14,Online Banking,0%,100%
547,0,37,M,Single,Medium,716.14,29,Website,null,null
548,0,49,M,Married,High,2116.14,24,Website,null,null
549,0,18,M,Widowed,High,358.67,39,Mobile App,null,null
550,0,23,F,Single,High,2140.26,39,Online Banking,50%,50%
551,0,45,F,Married,High,3027.91,45,Mobile App,100%,50%
552,0,61,F,Single,Medium,1049.96,25,Website,null,null
553,0,48,F,Divorced,High,2125.61,46,Website,null,null
554,0,27,M,Divorced,High,1822.54,46,Mobile App,0%,0%
555,0,37,F,Single,High,393.99,3,Website,null,null
556,0,25,M,Married,Low,2132.54,42,Online Banking,0%,0%
557,0,39,F,Single,Low,1179.98,27,Online Banking,50%,0%
558,0,55,M,Widowed,High,1722.97,12,Online Banking,null,null
559,0,46,F,Married,Medium,2151.66,43,Website,100%,100%
560,1,26,M,Married,Medium,203.34,2,Mobile App,null,null
561,0,61,M,Married,Low,1369.4,38,Online Banking,0%,0%
562,1,64,M,Married,Low,2160.95,26,Online Banking,null,null
563,0,18,M,Widowed,Medium,1090.13,29,Mobile App,null,null
564,0,58,M,Single,Low,1859.23,45,Online Banking,null,null
565,1,69,M,Single,Low,2436.25,30,Website,50%,0%
566,0,56,M,Divorced,High,1867.21,38,Online Banking,null,null
567,0,43,M,Married,Medium,472.36,41,Online Banking,null,null
568,0,28,M,Divorced,High,1051.21,32,Online Banking,0%,0%
569,0,69,F,Widowed,Low,1550.85,38,Online Banking,0%,100%
570,0,52,F,Single,Low,2358.04,21,Mobile App,50%,50%
571,0,41,F,Single,Low,962.48,8,Website,100%,0%
572,0,50,F,Married,Low,538.06,6,Website,null,null
573,0,37,F,Single,Medium,1331.4,4,Website,null,null
574,1,44,M,Widowed,Medium,2437.4,17,Mobile App,0%,0%
575,0,32,F,Widowed,Medium,1550.26,21,Mobile App,50%,50%
576,1,50,F,Married,Medium,755.93,4,Website,100%,0%
577,1,69,M,Divorced,High,2373.23,35,Website,100%,0%
578,0,24,F,Married,High,715.6,30,Mobile App,0%,100%
579,1,51,F,Widowed,High,402.41,27,Online Banking,null,null
580,0,62,M,Single,Low,232.75,12,Website,50%,50%
581,0,68,F,Single,Medium,407.66,48,Mobile App,100%,100%
582,0,63,F,Single,Medium,1876.36,20,Online Banking,null,null
583,0,59,M,Widowed,Medium,783.96,40,Online Banking,null,null
584,0,22,M,Divorced,High,1677.08,44,Online Banking,50%,50%
585,0,47,M,Married,Low,1709.36,41,Online Banking,0%,0%
586,1,45,M,Divorced,Low,1667.53,33,Online Banking,100%,0%
587,0,35,F,Single,Low,623.49,10,Website,0%,0%
588,1,53,F,Married,High,1726.51,5,Mobile App,50%,50%
589,1,20,F,Widowed,Medium,2356.94,11,Mobile App,50%,50%
590,0,38,M,Widowed,High,1383.59,21,Mobile App,null,null
591,0,63,F,Divorced,Medium,215.12,20,Online Banking,50%,50%
592,0,33,M,Married,Low,2642.14,44,Mobile App,null,null
593,0,54,F,Single,Medium,2959.62,9,Online Banking,0%,0%
594,0,59,M,Divorced,Low,2544.69,30,Mobile App,50%,0%
595,0,22,F,Widowed,Low,2270.36,48,Online Banking,0%,0%
596,0,67,F,Married,Low,1346.76,4,Mobile App,null,null
597,0,68,M,Married,Medium,1726.9,9,Website,100%,0%
598,0,31,M,Widowed,High,1906.1,40,Online Banking,null,null
599,0,48,M,Single,Low,2347.42,3,Website,0%,50%
600,0,63,F,Single,Medium,865,38,Online Banking,100%,0%
601,0,41,F,Widowed,Low,2473.79,25,Website,50%,50%
602,1,52,M,Widowed,Medium,1158.83,37,Mobile App,null,null
603,0,53,M,Single,High,1476.4,30,Mobile App,null,null
604,0,27,M,Divorced,Low,437.93,31,Website,50%,50%
605,1,44,M,Divorced,Low,1187.98,17,Mobile App,null,null
606,0,44,F,Married,Low,271.99,10,Website,null,null
607,1,40,M,Married,High,1489.51,8,Mobile App,100%,100%
608,0,30,M,Divorced,Medium,2463.96,2,Mobile App,100%,100%
609,0,33,F,Married,Low,110.77,32,Website,50%,100%
610,0,52,F,Divorced,Low,1504.22,11,Mobile App,null,null
611,0,44,M,Married,High,624.87,10,Online Banking,100%,100%
612,0,69,F,Divorced,Medium,1688.29,41,Online Banking,0%,50%
613,0,56,M,Married,High,612.18,32,Online Banking,null,null
614,1,64,F,Married,High,1239.16,24,Mobile App,0%,0%
615,0,34,F,Divorced,Low,481.68,7,Online Banking,50%,0%
616,1,65,M,Single,Medium,1674.35,29,Online Banking,100%,0%
617,1,58,F,Divorced,Low,2146.58,2,Online Banking,null,null
618,1,18,M,Divorced,Low,1025.54,16,Mobile App,0%,0%
619,1,28,M,Widowed,High,244.19,31,Online Banking,100%,0%
620,0,29,F,Single,High,694.35,12,Online Banking,100%,100%
621,0,31,F,Married,Low,204.8,32,Online Banking,0%,0%
622,0,25,M,Single,High,754.54,47,Online Banking,100%,0%
623,0,48,F,Single,High,1074.25,41,Online Banking,100%,0%
624,0,24,F,Single,Medium,934.44,18,Website,null,null
625,1,63,F,Widowed,Low,2452.39,3,Mobile App,null,null
626,0,48,M,Widowed,Low,2416.9,16,Website,null,null
627,1,33,F,Married,Medium,1929.48,49,Website,0%,0%
628,0,59,F,Divorced,High,67.65,42,Website,0%,0%
629,0,56,M,Single,Medium,657.37,18,Online Banking,50%,0%
630,1,61,F,Married,Medium,942.44,44,Website,100%,0%
631,0,36,M,Married,Medium,238.83,15,Website,50%,50%
632,0,25,M,Widowed,High,1060.86,41,Online Banking,100%,0%
633,0,46,M,Divorced,Medium,1985.72,37,Online Banking,100%,0%
634,0,19,M,Divorced,Low,1053.54,23,Mobile App,100%,50%
635,0,59,F,Widowed,High,1574.74,26,Online Banking,100%,0%
636,0,20,M,Single,Medium,1041.72,7,Online Banking,50%,0%
637,0,68,M,Widowed,Medium,1629.96,48,Online Banking,0%,0%
638,0,46,M,Married,Medium,194.63,21,Website,null,null
639,0,32,F,Widowed,Medium,1874.22,29,Website,100%,0%
640,0,55,M,Divorced,Medium,2408.65,45,Website,50%,50%
641,1,45,M,Single,Medium,1717.57,7,Online Banking,50%,50%
642,0,54,M,Married,Low,1587.38,6,Online Banking,100%,100%
643,1,49,M,Married,High,1060.42,27,Online Banking,null,null
644,1,47,M,Divorced,Low,266.05,43,Mobile App,0%,0%
645,0,68,M,Widowed,Medium,328.56,46,Website,50%,0%
646,1,64,M,Married,Medium,163.69,17,Website,null,null
647,0,47,M,Widowed,Medium,12.46,24,Mobile App,50%,50%
648,0,68,M,Married,Low,1028.17,28,Website,0%,0%
649,0,51,M,Divorced,Medium,759.57,26,Website,100%,0%
650,1,30,M,Married,Low,499.67,38,Online Banking,0%,100%
651,0,50,M,Married,High,1467.02,26,Online Banking,null,null
652,0,59,F,Single,Low,1245.86,40,Website,100%,50%
653,0,34,F,Married,Low,392.17,1,Mobile App,0%,0%
654,0,20,M,Divorced,High,1437.17,19,Mobile App,0%,0%
655,0,26,F,Married,Medium,2097.25,26,Mobile App,100%,50%
656,0,69,F,Divorced,Low,1567.52,35,Mobile App,null,null
657,1,28,F,Widowed,High,1135.3,16,Online Banking,0%,0%
658,1,66,M,Divorced,Low,1132.79,13,Mobile App,100%,0%
659,0,44,F,Widowed,Low,1658.16,10,Website,50%,50%
660,0,45,F,Married,High,2676.26,8,Mobile App,50%,50%
661,0,19,M,Divorced,Low,1579.69,27,Mobile App,null,null
662,0,18,F,Single,High,758.41,26,Mobile App,null,null
663,0,23,F,Divorced,Low,1160.99,3,Mobile App,100%,100%
664,0,42,F,Widowed,Medium,1972.94,45,Online Banking,100%,100%
665,0,52,F,Widowed,High,1405.19,36,Online Banking,100%,100%
666,0,33,M,Single,Medium,474.38,41,Online Banking,null,null
667,0,21,F,Divorced,Low,1442.15,8,Online Banking,0%,0%
668,0,64,M,Married,Medium,1668.59,32,Website,100%,0%
669,0,55,F,Divorced,High,2232.41,19,Website,50%,50%
670,0,61,F,Divorced,Low,143.34,12,Online Banking,null,null
671,0,37,F,Divorced,High,2587.47,45,Online Banking,0%,100%
672,0,42,F,Single,Low,77.31,45,Mobile App,0%,0%
673,0,24,F,Single,Medium,1779.5,13,Mobile App,0%,50%
674,1,38,M,Single,Medium,2314.49,44,Online Banking,50%,50%
675,0,24,M,Single,High,2461.3,48,Online Banking,0%,0%
676,0,46,M,Single,High,923.55,45,Mobile App,null,null
677,1,69,F,Married,Low,308.82,7,Website,50%,100%
678,0,24,M,Divorced,High,864.3,47,Online Banking,0%,100%
679,0,20,F,Divorced,High,1700.3,47,Website,50%,0%
680,0,46,M,Married,Medium,2490.85,16,Website,null,null
681,0,46,M,Married,High,1463.19,32,Mobile App,null,null
682,1,56,M,Married,High,1084.11,9,Mobile App,0%,0%
683,0,55,F,Married,Low,1383.28,26,Online Banking,50%,0%
684,0,23,M,Single,Medium,1240.94,48,Mobile App,0%,0%
685,1,63,F,Divorced,Medium,534.74,40,Website,null,null
686,0,27,M,Married,Low,1019.67,47,Website,null,null
687,0,54,F,Widowed,Medium,1446.69,20,Online Banking,0%,0%
688,0,31,F,Married,Low,2281.47,6,Website,50%,0%
689,0,39,F,Divorced,Low,897.51,11,Mobile App,null,null
690,0,49,F,Widowed,High,638.06,29,Online Banking,null,null
691,1,35,F,Married,High,683.19,7,Mobile App,null,null
692,0,53,F,Single,Low,1421.26,29,Website,null,null
693,0,63,F,Single,High,2154.62,43,Mobile App,0%,100%
694,0,69,F,Widowed,High,1500.44,4,Online Banking,null,null
695,1,26,F,Single,Medium,2615.43,24,Mobile App,50%,0%
696,1,43,F,Widowed,Medium,55.77,3,Website,100%,100%
697,0,39,M,Married,High,489.1,12,Online Banking,null,null
698,0,63,F,Divorced,Low,273.02,35,Website,null,null
699,1,55,M,Widowed,Low,994.16,8,Mobile App,null,null
700,0,40,M,Married,High,2810.28,38,Online Banking,50%,0%
701,0,34,F,Widowed,High,2395.1,41,Online Banking,null,null
702,1,43,M,Divorced,Low,681.77,38,Mobile App,null,null
703,0,64,F,Single,Medium,1289.55,15,Mobile App,0%,50%
704,0,55,F,Single,Medium,948.68,5,Website,null,null
705,0,19,M,Widowed,Low,1783.47,40,Website,100%,0%
706,0,23,F,Divorced,High,104,16,Online Banking,100%,0%
707,0,24,M,Married,Medium,35.24,46,Online Banking,100%,0%
708,0,30,M,Married,Low,807.48,28,Website,100%,0%
709,0,44,M,Married,High,346.94,13,Mobile App,null,null
710,0,28,M,Widowed,High,1373.66,41,Website,null,null
711,0,32,F,Single,Medium,391.99,11,Website,100%,100%
712,0,26,F,Widowed,High,1159.39,37,Mobile App,0%,0%
713,0,25,F,Widowed,Low,1792.54,3,Website,0%,0%
714,0,63,M,Widowed,Low,1170.32,8,Mobile App,null,null
715,0,23,F,Married,Low,555.91,38,Online Banking,100%,0%
716,1,65,M,Divorced,Low,3220.3,47,Mobile App,50%,0%
717,0,60,M,Widowed,High,1950.63,34,Website,100%,0%
718,0,21,M,Married,Low,1845.21,38,Mobile App,100%,0%
719,0,28,M,Widowed,Medium,434.86,42,Online Banking,null,null
720,0,68,M,Widowed,High,1551.13,24,Website,50%,0%
721,0,45,M,Married,High,921.33,18,Website,null,null
722,0,43,F,Divorced,High,814.74,25,Website,100%,0%
723,0,21,F,Divorced,Low,2143.56,13,Website,0%,0%
724,0,32,F,Single,High,477.73,39,Website,100%,0%
725,0,36,M,Widowed,Low,627.29,22,Mobile App,null,null
726,0,23,M,Single,Low,2048.2,30,Online Banking,0%,100%
727,0,22,F,Married,High,1252.1,30,Mobile App,null,null
728,0,35,F,Widowed,High,1552.44,37,Website,100%,100%
729,0,23,F,Married,Low,161.07,45,Mobile App,0%,0%
730,0,48,M,Single,High,1247.79,43,Website,0%,0%
731,0,42,F,Married,High,1559.5,15,Online Banking,null,null
732,0,21,F,Married,Low,1865.72,35,Mobile App,100%,0%
733,1,23,M,Divorced,Low,681.14,6,Online Banking,100%,0%
734,0,58,M,Widowed,High,1047.12,11,Mobile App,50%,50%
735,0,54,F,Widowed,Low,2165.49,28,Website,50%,0%
736,0,67,F,Widowed,Low,576.3,30,Website,100%,100%
737,0,42,M,Married,Medium,2132.05,16,Mobile App,50%,0%
738,0,51,M,Divorced,High,675.36,28,Mobile App,100%,100%
739,0,36,M,Single,High,338.97,25,Online Banking,null,null
740,0,51,M,Widowed,High,2094.81,48,Online Banking,0%,100%
741,0,32,F,Married,High,2317.66,30,Website,0%,100%
742,1,67,F,Divorced,High,583.1,45,Online Banking,null,null
743,0,25,F,Divorced,Low,1118.41,14,Online Banking,0%,50%
744,0,61,F,Widowed,High,1132.03,27,Website,null,null
745,0,64,F,Divorced,High,2639.28,48,Website,null,null
746,0,66,M,Divorced,Medium,604.82,30,Mobile App,0%,0%
747,0,51,M,Married,Low,967.08,10,Online Banking,100%,50%
748,1,35,F,Single,High,284.57,20,Mobile App,null,null
749,0,47,M,Divorced,High,618.27,44,Online Banking,50%,50%
750,0,30,F,Single,High,2600.41,7,Website,50%,0%
751,0,64,F,Divorced,High,1172.35,34,Website,0%,100%
752,0,50,F,Divorced,Low,2056.76,27,Website,0%,0%
753,1,52,F,Divorced,Medium,1560.95,23,Online Banking,50%,50%
754,0,69,M,Widowed,Medium,1122.07,46,Website,null,null
755,0,41,F,Widowed,High,539.68,45,Website,null,null
756,0,43,F,Widowed,Medium,2081.7,25,Mobile App,null,null
757,1,64,F,Single,Medium,1484.12,28,Mobile App,0%,0%
758,0,68,M,Single,Medium,1725.5,18,Online Banking,100%,0%
759,0,61,F,Widowed,Medium,575.97,13,Website,0%,100%
760,0,59,M,Single,Medium,477.75,13,Online Banking,50%,0%
761,0,64,M,Married,Low,1309.22,45,Online Banking,0%,0%
762,1,18,F,Single,Low,2577.95,34,Mobile App,100%,100%
763,1,30,M,Married,Low,693.13,14,Mobile App,0%,50%
764,0,27,M,Widowed,Medium,496.99,28,Mobile App,null,null
765,0,36,F,Married,Low,1079.2,13,Online Banking,0%,0%
766,0,22,F,Widowed,Medium,910.23,34,Website,0%,50%
767,0,25,M,Widowed,Medium,2189.69,5,Mobile App,null,null
768,0,21,F,Widowed,Low,1068.46,40,Mobile App,null,null
769,0,66,M,Single,High,1257.45,10,Mobile App,50%,50%
770,0,30,F,Divorced,Medium,970.67,36,Website,100%,0%
771,0,55,F,Divorced,Medium,1500.63,6,Online Banking,50%,50%
772,0,63,F,Married,Low,1124.58,21,Online Banking,100%,0%
773,0,66,M,Divorced,Medium,1918.91,35,Website,null,null
774,0,63,M,Widowed,Medium,41.49,16,Online Banking,null,null
775,1,36,M,Divorced,Medium,1586.9,20,Website,0%,0%
776,0,69,F,Married,Low,1647.73,31,Mobile App,50%,50%
777,1,67,M,Widowed,High,1488,5,Website,null,null
778,0,25,F,Single,High,2064.51,6,Online Banking,50%,50%
779,0,44,F,Widowed,Low,1563.06,2,Mobile App,0%,0%
780,0,67,M,Widowed,Medium,2107.59,39,Mobile App,100%,100%
781,0,64,F,Married,High,548.61,22,Mobile App,0%,0%
782,1,47,M,Single,Low,1042.79,11,Mobile App,100%,0%
783,0,21,F,Widowed,Low,1133.68,15,Website,null,null
784,0,28,M,Single,Medium,1567.71,13,Online Banking,50%,0%
785,0,38,F,Widowed,Medium,1960.77,33,Online Banking,0%,0%
786,0,60,F,Widowed,Low,2141.4,46,Mobile App,50%,0%
787,0,19,M,Married,Low,1255.38,14,Website,50%,100%
788,1,38,M,Widowed,Low,1041.15,39,Online Banking,null,null
789,1,34,F,Widowed,High,1755.7,2,Website,0%,50%
790,0,60,M,Widowed,Medium,2782.16,10,Website,0%,0%
791,1,68,F,Divorced,Low,441.32,42,Website,0%,0%
792,0,46,F,Single,Medium,1381.17,30,Online Banking,50%,0%
793,0,44,F,Married,High,1189.15,32,Website,0%,0%
794,0,41,F,Married,Low,2430.75,9,Website,0%,100%
795,0,66,F,Married,Medium,993.04,48,Online Banking,0%,0%
796,0,20,M,Widowed,High,2309.95,16,Website,null,null
797,0,56,M,Single,Low,922.22,39,Website,0%,0%
798,0,27,M,Divorced,Medium,953.95,5,Mobile App,0%,0%
799,1,20,F,Divorced,Low,912.13,46,Mobile App,100%,0%
800,0,62,M,Married,Medium,1213.09,15,Online Banking,50%,50%
801,0,59,M,Single,Medium,1621.99,4,Website,null,null
802,0,43,M,Divorced,High,504.29,24,Mobile App,50%,0%
803,0,54,F,Married,High,2136.39,25,Website,100%,0%
804,0,44,M,Divorced,High,2218.53,37,Website,0%,0%
805,0,22,M,Divorced,High,1100.62,24,Website,0%,100%
806,1,59,M,Single,High,421.3,42,Online Banking,0%,100%
807,1,28,F,Married,Medium,1217.41,13,Mobile App,null,null
808,0,30,M,Divorced,High,1759.63,20,Online Banking,50%,0%
809,0,58,F,Widowed,Medium,1482.36,5,Mobile App,null,null
810,0,51,F,Widowed,Medium,1290.08,20,Online Banking,0%,100%
811,0,55,M,Divorced,Low,871.11,18,Online Banking,0%,100%
812,1,57,F,Single,Medium,2042.29,39,Mobile App,0%,50%
813,0,50,M,Single,Medium,2206.29,49,Website,null,null
814,0,51,F,Divorced,High,1650.27,3,Online Banking,0%,0%
815,0,44,M,Single,Medium,493.38,44,Online Banking,null,null
816,0,53,M,Single,High,1299.37,31,Online Banking,null,null
817,0,43,F,Widowed,Medium,337.9,30,Website,null,null
818,0,68,M,Married,Medium,1295.74,41,Online Banking,0%,100%
819,0,42,F,Married,High,985.26,24,Website,100%,0%
820,0,36,M,Divorced,Low,566.46,5,Online Banking,null,null
821,0,38,F,Divorced,Medium,304.95,20,Mobile App,0%,100%
822,0,48,F,Divorced,Medium,2275.24,24,Mobile App,100%,50%
823,1,46,F,Widowed,High,651.38,17,Online Banking,0%,0%
824,0,26,F,Widowed,High,318.01,8,Online Banking,null,null
825,0,36,F,Single,Low,1087.05,21,Website,null,null
826,1,43,M,Widowed,Low,1099.45,14,Mobile App,100%,100%
827,1,42,M,Married,Low,2317.93,38,Online Banking,null,null
828,0,57,F,Widowed,Medium,1361.59,32,Online Banking,100%,0%
829,0,60,M,Divorced,Medium,144.37,36,Online Banking,null,null
830,0,46,M,Married,High,395.99,40,Website,null,null
831,1,42,F,Single,High,1417.95,4,Mobile App,100%,0%
832,0,36,F,Married,High,1463.62,21,Website,null,null
833,0,21,F,Widowed,Low,1000.79,25,Mobile App,100%,0%
834,0,62,F,Widowed,Low,1521.86,45,Mobile App,100%,0%
835,0,37,M,Single,Low,825.2,1,Mobile App,0%,100%
836,1,63,M,Divorced,Medium,1130.44,47,Mobile App,0%,50%
837,0,18,F,Single,Medium,1600.01,13,Website,null,null
838,0,28,M,Single,High,1729.93,16,Online Banking,50%,50%
839,0,21,M,Single,Low,1182.6,29,Mobile App,null,null
840,0,24,F,Single,Medium,997.83,39,Mobile App,0%,100%
841,1,45,M,Widowed,Low,1829.46,29,Website,100%,0%
842,0,53,M,Divorced,Medium,2806.69,12,Mobile App,0%,100%
843,0,24,F,Married,Low,1069.53,31,Website,0%,100%
844,0,37,M,Divorced,Medium,1505.23,20,Mobile App,null,null
845,0,52,M,Divorced,Medium,2238.86,35,Online Banking,null,null
846,0,68,M,Single,Medium,1667.48,41,Mobile App,null,null
847,0,68,F,Divorced,Medium,1672.93,28,Online Banking,0%,50%
848,1,56,F,Single,High,690.16,35,Mobile App,50%,0%
849,0,38,M,Married,Low,830.54,29,Website,50%,50%
850,1,61,F,Single,Medium,38.12,44,Mobile App,null,null
851,0,18,M,Married,Medium,580.18,39,Online Banking,0%,0%
852,0,54,F,Divorced,Low,569.13,29,Mobile App,100%,100%
853,0,63,M,Single,Medium,1178.95,34,Website,100%,100%
854,0,59,F,Widowed,Medium,47.85,10,Mobile App,50%,0%
855,0,20,M,Married,Low,2656.16,37,Online Banking,50%,0%
856,0,51,M,Divorced,High,524.36,48,Website,null,null
857,1,30,F,Married,High,379,7,Mobile App,0%,0%
858,0,33,M,Single,Medium,224.33,9,Website,0%,50%
859,0,51,M,Widowed,High,2320.9,16,Website,null,null
860,0,41,F,Married,High,410.36,21,Mobile App,50%,0%
861,0,30,F,Married,Medium,258.79,14,Website,0%,0%
862,0,23,M,Married,Medium,1581.13,2,Online Banking,null,null
863,0,56,M,Divorced,High,1031.04,26,Online Banking,50%,0%
864,0,19,M,Widowed,Medium,1537.15,34,Website,null,null
865,0,28,F,Widowed,Medium,2739.69,47,Mobile App,100%,0%
866,0,24,F,Widowed,High,440.09,49,Website,null,null
867,0,24,M,Married,Low,985.19,18,Website,null,null
868,0,56,M,Married,High,1858.01,12,Website,null,null
869,1,56,M,Married,High,1708.06,19,Online Banking,50%,50%
870,0,29,M,Married,High,358.81,36,Website,100%,0%
871,0,68,F,Single,Medium,1268.83,38,Online Banking,50%,50%
872,0,39,M,Single,High,2710.07,16,Website,null,null
873,0,68,M,Divorced,Medium,868.72,46,Website,null,null
874,0,68,F,Married,Low,488.21,8,Mobile App,0%,0%
875,0,69,F,Divorced,High,2066.71,9,Website,null,null
876,0,20,F,Widowed,Low,1940.62,4,Online Banking,0%,0%
877,0,30,F,Married,High,2189.55,36,Website,null,null
878,0,47,M,Single,Medium,2181.62,47,Website,null,null
879,0,27,M,Married,Low,328.09,38,Online Banking,0%,0%
880,0,69,F,Widowed,High,1311.23,49,Online Banking,0%,0%
881,0,26,F,Divorced,Low,189.28,49,Website,50%,50%
882,0,23,M,Married,Medium,745.26,45,Website,null,null
883,0,61,M,Single,Medium,776.71,4,Website,100%,50%
884,0,19,M,Widowed,High,2069.03,8,Online Banking,100%,0%
885,0,61,F,Widowed,High,2431.03,43,Mobile App,50%,0%
886,0,33,F,Divorced,Low,2197.83,7,Mobile App,0%,100%
887,0,30,F,Married,Medium,812.28,3,Website,50%,50%
888,0,65,M,Single,Medium,436.94,1,Online Banking,100%,0%
889,0,30,M,Married,High,306.88,4,Mobile App,null,null
890,0,39,M,Single,Medium,369.47,1,Mobile App,0%,0%
891,0,36,F,Divorced,Medium,1602.17,46,Website,100%,0%
892,0,43,F,Widowed,Medium,183.21,42,Mobile App,100%,0%
893,0,31,M,Divorced,Low,3026.91,38,Mobile App,50%,50%
894,0,48,M,Widowed,Low,983.26,37,Mobile App,50%,0%
895,0,46,F,Married,Low,1649.08,12,Mobile App,null,null
896,0,62,F,Widowed,Medium,1403.03,42,Online Banking,0%,0%
897,0,59,F,Single,High,2125.28,10,Mobile App,100%,50%
898,0,39,M,Divorced,High,2794,47,Online Banking,100%,0%
899,1,24,M,Widowed,High,38.78,1,Website,100%,0%
900,0,54,F,Widowed,Low,353.54,2,Online Banking,0%,0%
901,0,66,M,Married,Medium,517.94,12,Website,null,null
902,0,58,F,Married,Low,1040.2,39,Online Banking,50%,0%
903,1,44,M,Married,Low,762.78,48,Mobile App,0%,100%
904,0,48,M,Single,High,1684.39,36,Mobile App,0%,100%
905,0,23,M,Married,High,1222.55,7,Online Banking,100%,0%
906,1,33,F,Widowed,Medium,1235.8,38,Website,null,null
907,0,55,M,Single,Low,54.82,25,Website,null,null
908,0,55,F,Married,Medium,1865.09,3,Website,50%,50%
909,0,67,M,Widowed,Low,718.24,27,Online Banking,null,null
910,0,49,F,Single,Medium,797.14,24,Online Banking,null,null
911,0,50,F,Widowed,Low,1058.9,27,Mobile App,null,null
912,0,66,F,Married,Medium,1915.01,6,Mobile App,100%,100%
913,0,34,F,Married,Low,267.44,25,Mobile App,0%,0%
914,0,50,F,Single,Low,1722.8,43,Website,50%,50%
915,0,28,M,Divorced,High,1786.6,31,Online Banking,null,null
916,0,30,M,Widowed,Low,1176.86,44,Mobile App,null,null
917,0,47,F,Widowed,High,1799.36,9,Mobile App,0%,0%
918,1,18,F,Divorced,Medium,1140.82,39,Mobile App,null,null
919,1,47,F,Divorced,High,1547.47,29,Website,null,null
920,0,44,M,Widowed,Low,2059.02,14,Mobile App,100%,0%
921,0,57,F,Single,High,1778.2,36,Online Banking,100%,0%
922,0,40,M,Divorced,High,1135,29,Website,100%,100%
923,0,37,F,Married,Medium,2462.85,43,Website,100%,0%
924,1,23,M,Single,High,760.13,41,Website,100%,0%
925,1,54,F,Divorced,Medium,1930.41,38,Mobile App,null,null
926,1,37,M,Married,Medium,157.62,22,Online Banking,null,null
927,1,54,M,Married,High,1462.34,12,Mobile App,null,null
928,0,23,F,Widowed,Low,2584.66,40,Website,50%,0%
929,0,46,F,Single,Medium,358.27,49,Online Banking,null,null
930,0,30,F,Divorced,High,809.61,26,Website,null,null
931,0,44,F,Married,Medium,1985.28,46,Mobile App,100%,0%
932,0,67,M,Widowed,High,350.46,28,Online Banking,0%,0%
933,0,37,M,Divorced,High,74.06,21,Website,50%,50%
934,0,30,M,Married,Low,282.29,27,Mobile App,0%,0%
935,1,56,M,Widowed,High,939.39,33,Website,0%,0%
936,0,25,M,Married,Medium,2591.57,29,Mobile App,null,null
937,1,34,M,Widowed,Medium,1842.66,24,Mobile App,50%,50%
938,0,47,F,Widowed,Low,695.93,32,Website,100%,0%
939,0,18,M,Single,Medium,394.48,6,Website,null,null
940,0,41,M,Divorced,Low,1536.43,27,Mobile App,50%,100%
941,0,33,M,Widowed,High,1440.83,16,Website,null,null
942,0,28,F,Married,High,1539.42,36,Online Banking,null,null
943,0,21,M,Divorced,High,398.92,47,Website,0%,0%
944,0,21,F,Divorced,Low,1280.1,30,Website,50%,100%
945,0,34,M,Divorced,Medium,541.2,15,Website,null,null
946,0,66,M,Single,Medium,451.82,8,Mobile App,null,null
947,1,27,F,Widowed,High,589.06,31,Website,null,null
948,1,38,M,Widowed,Medium,1416.12,9,Mobile App,null,null
949,0,55,M,Widowed,Low,956.3,42,Online Banking,null,null
950,0,66,F,Widowed,Low,1085.17,21,Online Banking,null,null
951,0,35,F,Married,Low,1494.92,39,Online Banking,50%,50%
952,0,27,M,Widowed,Low,344.33,39,Website,100%,0%
953,0,62,M,Divorced,Medium,2580.58,43,Website,50%,50%
954,0,33,F,Widowed,Low,2009.32,20,Online Banking,null,null
955,0,56,F,Widowed,Medium,1453.74,26,Website,50%,50%
956,0,32,F,Widowed,High,858.04,38,Online Banking,null,null
957,0,51,F,Widowed,Medium,32.8,43,Mobile App,null,null
958,0,22,M,Single,Low,972.8,14,Online Banking,100%,100%
959,0,34,M,Divorced,Medium,285.35,48,Online Banking,null,null
960,0,54,F,Single,High,1553.52,41,Online Banking,100%,0%
961,0,25,M,Divorced,High,964.33,21,Mobile App,50%,0%
962,1,41,F,Widowed,High,1021.08,19,Online Banking,100%,0%
963,0,45,F,Widowed,Medium,660.33,14,Online Banking,0%,0%
964,0,64,M,Divorced,Low,2348.82,9,Online Banking,50%,0%
965,1,25,F,Divorced,Low,213.98,42,Mobile App,100%,100%
966,1,40,F,Single,Medium,2097.75,4,Mobile App,null,null
967,0,52,M,Single,Low,230.71,23,Online Banking,null,null
968,0,48,M,Married,Low,344.12,22,Online Banking,0%,0%
969,0,34,F,Married,Medium,1296.96,20,Online Banking,100%,100%
970,1,45,M,Single,High,748.68,19,Website,100%,50%
971,1,65,M,Married,Low,283.95,19,Mobile App,null,null
972,0,65,M,Single,High,1105.44,23,Mobile App,null,null
973,0,68,M,Single,Low,56.53,31,Website,null,null
974,0,29,M,Single,High,1789.81,46,Mobile App,null,null
975,1,41,M,Married,High,1892.18,19,Mobile App,null,null
976,0,32,F,Divorced,Low,557.62,44,Online Banking,null,null
977,0,57,M,Widowed,Low,772.34,20,Online Banking,0%,50%
978,0,48,F,Married,Medium,1465.5,26,Mobile App,100%,100%
979,1,44,F,Widowed,Low,1711.28,6,Website,0%,0%
980,0,52,F,Widowed,Low,2079.5,28,Online Banking,100%,100%
981,0,35,M,Divorced,Medium,285.43,41,Website,null,null
982,1,53,M,Married,High,913.21,4,Mobile App,0%,0%
983,0,25,F,Widowed,Medium,1395.3,49,Mobile App,50%,100%
984,0,63,F,Divorced,High,1127.04,44,Website,0%,100%
985,0,66,F,Divorced,Medium,1752.58,9,Website,50%,0%
986,0,55,F,Single,Low,1392.61,49,Online Banking,0%,50%
987,1,22,M,Married,Low,1683.65,14,Mobile App,null,null
988,0,31,F,Widowed,High,2543.12,31,Website,100%,50%
989,1,55,M,Divorced,Low,1530.42,29,Website,100%,100%
990,1,37,F,Widowed,High,483.5,49,Mobile App,50%,50%
991,0,61,M,Married,Medium,801.36,22,Website,null,null
992,0,26,M,Single,Low,311.62,9,Website,100%,0%
993,0,50,F,Widowed,High,81.64,11,Website,null,null
994,0,35,F,Single,Medium,1801.34,25,Mobile App,100%,100%
995,1,23,F,Divorced,Low,1020,34,Website,0%,0%
996,0,54,F,Single,Low,227.25,38,Mobile App,null,null
997,0,19,M,Widowed,High,419.82,5,Mobile App,null,null
998,0,47,M,Married,Low,252.15,47,Website,null,null
999,0,23,M,Widowed,High,2393.26,23,Website,null,null
1000,0,34,M,Widowed,Low,1670.79,22,Mobile App,null,null